Workbook

Sheet Urunler
A1: Urun Adi | B1: Satis Fiyati | C1: Birim Maliyet | D1: Birim Kar | E1: Kar %
A2: tavukburger | B2: 200 | C2: 65 | D2: =IF(OR(B2="",C2=""),"",B2-C2) -> 135 | E2: =IF(B2=0,"",D2/B2) -> 0.675
A3: hamburger | B3: 250 | C3: 95 | D3: =IF(OR(B3="",C3=""),"",B3-C3) -> 155 | E3: =IF(B3=0,"",D3/B3) -> 0.62
A4: kasarli tost | B4: 100 | C4: 40 | D4: =IF(OR(B4="",C4=""),"",B4-C4) -> 60 | E4: =IF(B4=0,"",D4/B4) -> 0.6
A5: karisik tost | B5: 110 | C5: 45 | D5: =IF(OR(B5="",C5=""),"",B5-C5) -> 65 | E5: =IF(B5=0,"",D5/B5) -> 0.59090909
A6: patso | B6: 100 | C6: 35 | D6: =IF(OR(B6="",C6=""),"",B6-C6) -> 65 | E6: =IF(B6=0,"",D6/B6) -> 0.65
A7: sosisli patso | B7: 110 | C7: 40 | D7: =IF(OR(B7="",C7=""),"",B7-C7) -> 70 | E7: =IF(B7=0,"",D7/B7) -> 0.63636364
A8: makarna | B8: 200 | C8: 50 | D8: =IF(OR(B8="",C8=""),"",B8-C8) -> 150 | E8: =IF(B8=0,"",D8/B8) -> 0.75
A9: doner | B9: 100 | C9: 60 | D9: =IF(OR(B9="",C9=""),"",B9-C9) -> 40 | E9: =IF(B9=0,"",D9/B9) -> 0.4
A10: hamburger menu | B10: 300 | C10: 130 | D10: =IF(OR(B10="",C10=""),"",B10-C10) -> 170 | E10: =IF(B10=0,"",D10/B10) -> 0.56666667
A11: tavukburger menu | B11: 250 | C11: 100 | D11: =IF(OR(B11="",C11=""),"",B11-C11) -> 150 | E11: =IF(B11=0,"",D11/B11) -> 0.6
D12: =IF(OR(B12="",C12=""),"",B12-C12) | E12: =IF(B12=0,"",D12/B12)
D13: =IF(OR(B13="",C13=""),"",B13-C13) | E13: =IF(B13=0,"",D13/B13)
D14: =IF(OR(B14="",C14=""),"",B14-C14) | E14: =IF(B14=0,"",D14/B14)
D15: =IF(OR(B15="",C15=""),"",B15-C15) | E15: =IF(B15=0,"",D15/B15)
D16: =IF(OR(B16="",C16=""),"",B16-C16) | E16: =IF(B16=0,"",D16/B16)
D17: =IF(OR(B17="",C17=""),"",B17-C17) | E17: =IF(B17=0,"",D17/B17)
D18: =IF(OR(B18="",C18=""),"",B18-C18) | E18: =IF(B18=0,"",D18/B18)
D19: =IF(OR(B19="",C19=""),"",B19-C19) | E19: =IF(B19=0,"",D19/B19)
D20: =IF(OR(B20="",C20=""),"",B20-C20) | E20: =IF(B20=0,"",D20/B20)
D21: =IF(OR(B21="",C21=""),"",B21-C21) | E21: =IF(B21=0,"",D21/B21)
D22: =IF(OR(B22="",C22=""),"",B22-C22) | E22: =IF(B22=0,"",D22/B22)
D23: =IF(OR(B23="",C23=""),"",B23-C23) | E23: =IF(B23=0,"",D23/B23)
... D201: =IF(OR(B201="",C201=""),"",B201-C201) | E201: =IF(B201=0,"",D201/B201)

Sheet Gunluk Satis
A1: Gun Sonu Satis Ozeti
A2: Tarih | D2: Toplam Ciro | E2: =SUM(F6:F205) -> 1960 | F2: Toplam Maliyet | G2: =SUM(G6:G205) -> 790 | H2: Toplam Kar | I2: =SUM(H6:H205) -> 1170 | J2: Kar %
D3: Gider | E3: 348 | F3: Net Sonuc | G3: =I2-E3 -> 822 | H3: Net %
A4: Bu sayfada sadece Urun Adi, Satilan Adet ve varsa Gider alanini girmeniz yeterli.
A5: Urun Adi | B5: Satilan Adet | C5: Birim Fiyat | D5: Birim Maliyet | E5: Birim Kar | F5: Satis Tutari | G5: Toplam Maliyet | H5: Toplam Kar | I5: Kar %
A6: tavukburger | C6: =IFERROR(VLOOKUP(A6,Urunler!A$2:E$201,2,FALSE),"") -> 200 | D6: =IFERROR(VLOOKUP(A6,Urunler!A$2:E$201,3,FALSE),"") -> 65 | E6: =IFERROR(VLOOKUP(A6,Urunler!A$2:E$201,4,FALSE),"") -> 135 | F6: =IF(OR(B6="",C6=""),"",B6*C6) | G6: =IF(OR(B6="",D6=""),"",B6*D6) | H6: =IF(OR(B6="",E6=""),"",B6*E6) | I6: =IF(F6=0,"",H6/F6) -> #VALUE!
A7: hamburger | C7: =IFERROR(VLOOKUP(A7,Urunler!A$2:E$201,2,FALSE),"") -> 250 | D7: =IFERROR(VLOOKUP(A7,Urunler!A$2:E$201,3,FALSE),"") -> 95 | E7: =IFERROR(VLOOKUP(A7,Urunler!A$2:E$201,4,FALSE),"") -> 155 | F7: =IF(OR(B7="",C7=""),"",B7*C7) | G7: =IF(OR(B7="",D7=""),"",B7*D7) | H7: =IF(OR(B7="",E7=""),"",B7*E7) | I7: =IF(F7=0,"",H7/F7) -> #VALUE!
A8: kasarli tost | B8: 3 | C8: =IFERROR(VLOOKUP(A8,Urunler!A$2:E$201,2,FALSE),"") -> 100 | D8: =IFERROR(VLOOKUP(A8,Urunler!A$2:E$201,3,FALSE),"") -> 40 | E8: =IFERROR(VLOOKUP(A8,Urunler!A$2:E$201,4,FALSE),"") -> 60 | F8: =IF(OR(B8="",C8=""),"",B8*C8) -> 300 | G8: =IF(OR(B8="",D8=""),"",B8*D8) -> 120 | H8: =IF(OR(B8="",E8=""),"",B8*E8) -> 180 | I8: =IF(F8=0,"",H8/F8) -> 0.6
A9: karisik tost | B9: 6 | C9: =IFERROR(VLOOKUP(A9,Urunler!A$2:E$201,2,FALSE),"") -> 110 | D9: =IFERROR(VLOOKUP(A9,Urunler!A$2:E$201,3,FALSE),"") -> 45 | E9: =IFERROR(VLOOKUP(A9,Urunler!A$2:E$201,4,FALSE),"") -> 65 | F9: =IF(OR(B9="",C9=""),"",B9*C9) -> 660 | G9: =IF(OR(B9="",D9=""),"",B9*D9) -> 270 | H9: =IF(OR(B9="",E9=""),"",B9*E9) -> 390 | I9: =IF(F9=0,"",H9/F9) -> 0.59090909
A10: patso | B10: 4 | C10: =IFERROR(VLOOKUP(A10,Urunler!A$2:E$201,2,FALSE),"") -> 100 | D10: =IFERROR(VLOOKUP(A10,Urunler!A$2:E$201,3,FALSE),"") -> 35 | E10: =IFERROR(VLOOKUP(A10,Urunler!A$2:E$201,4,FALSE),"") -> 65 | F10: =IF(OR(B10="",C10=""),"",B10*C10) -> 400 | G10: =IF(OR(B10="",D10=""),"",B10*D10) -> 140 | H10: =IF(OR(B10="",E10=""),"",B10*E10) -> 260 | I10: =IF(F10=0,"",H10/F10) -> 0.65
A11: sosisli patso | C11: =IFERROR(VLOOKUP(A11,Urunler!A$2:E$201,2,FALSE),"") -> 110 | D11: =IFERROR(VLOOKUP(A11,Urunler!A$2:E$201,3,FALSE),"") -> 40 | E11: =IFERROR(VLOOKUP(A11,Urunler!A$2:E$201,4,FALSE),"") -> 70 | F11: =IF(OR(B11="",C11=""),"",B11*C11) | G11: =IF(OR(B11="",D11=""),"",B11*D11) | H11: =IF(OR(B11="",E11=""),"",B11*E11) | I11: =IF(F11=0,"",H11/F11) -> #VALUE!
A12: makarna | C12: =IFERROR(VLOOKUP(A12,Urunler!A$2:E$201,2,FALSE),"") -> 200 | D12: =IFERROR(VLOOKUP(A12,Urunler!A$2:E$201,3,FALSE),"") -> 50 | E12: =IFERROR(VLOOKUP(A12,Urunler!A$2:E$201,4,FALSE),"") -> 150 | F12: =IF(OR(B12="",C12=""),"",B12*C12) | G12: =IF(OR(B12="",D12=""),"",B12*D12) | H12: =IF(OR(B12="",E12=""),"",B12*E12) | I12: =IF(F12=0,"",H12/F12) -> #VALUE!
A13: doner | C13: =IFERROR(VLOOKUP(A13,Urunler!A$2:E$201,2,FALSE),"") -> 100 | D13: =IFERROR(VLOOKUP(A13,Urunler!A$2:E$201,3,FALSE),"") -> 60 | E13: =IFERROR(VLOOKUP(A13,Urunler!A$2:E$201,4,FALSE),"") -> 40 | F13: =IF(OR(B13="",C13=""),"",B13*C13) | G13: =IF(OR(B13="",D13=""),"",B13*D13) | H13: =IF(OR(B13="",E13=""),"",B13*E13) | I13: =IF(F13=0,"",H13/F13) -> #VALUE!
A14: hamburger menu | B14: 2 | C14: =IFERROR(VLOOKUP(A14,Urunler!A$2:E$201,2,FALSE),"") -> 300 | D14: =IFERROR(VLOOKUP(A14,Urunler!A$2:E$201,3,FALSE),"") -> 130 | E14: =IFERROR(VLOOKUP(A14,Urunler!A$2:E$201,4,FALSE),"") -> 170 | F14: =IF(OR(B14="",C14=""),"",B14*C14) -> 600 | G14: =IF(OR(B14="",D14=""),"",B14*D14) -> 260 | H14: =IF(OR(B14="",E14=""),"",B14*E14) -> 340 | I14: =IF(F14=0,"",H14/F14) -> 0.56666667
A15: tavukburger menu | C15: =IFERROR(VLOOKUP(A15,Urunler!A$2:E$201,2,FALSE),"") -> 250 | D15: =IFERROR(VLOOKUP(A15,Urunler!A$2:E$201,3,FALSE),"") -> 100 | E15: =IFERROR(VLOOKUP(A15,Urunler!A$2:E$201,4,FALSE),"") -> 150 | F15: =IF(OR(B15="",C15=""),"",B15*C15) | G15: =IF(OR(B15="",D15=""),"",B15*D15) | H15: =IF(OR(B15="",E15=""),"",B15*E15) | I15: =IF(F15=0,"",H15/F15) -> #VALUE!
C16: =IFERROR(VLOOKUP(A16,Urunler!A$2:E$201,2,FALSE),"") -> 0 | D16: =IFERROR(VLOOKUP(A16,Urunler!A$2:E$201,3,FALSE),"") -> 0 | E16: =IFERROR(VLOOKUP(A16,Urunler!A$2:E$201,4,FALSE),"") | F16: =IF(OR(B16="",C16=""),"",B16*C16) | G16: =IF(OR(B16="",D16=""),"",B16*D16) | H16: =IF(OR(B16="",E16=""),"",B16*E16) | I16: =IF(F16=0,"",H16/F16) -> #VALUE!
C17: =IFERROR(VLOOKUP(A17,Urunler!A$2:E$201,2,FALSE),"") -> 0 | D17: =IFERROR(VLOOKUP(A17,Urunler!A$2:E$201,3,FALSE),"") -> 0 | E17: =IFERROR(VLOOKUP(A17,Urunler!A$2:E$201,4,FALSE),"") | F17: =IF(OR(B17="",C17=""),"",B17*C17) | G17: =IF(OR(B17="",D17=""),"",B17*D17) | H17: =IF(OR(B17="",E17=""),"",B17*E17) | I17: =IF(F17=0,"",H17/F17) -> #VALUE!
C18: =IFERROR(VLOOKUP(A18,Urunler!A$2:E$201,2,FALSE),"") -> 0 | D18: =IFERROR(VLOOKUP(A18,Urunler!A$2:E$201,3,FALSE),"") -> 0 | E18: =IFERROR(VLOOKUP(A18,Urunler!A$2:E$201,4,FALSE),"") | F18: =IF(OR(B18="",C18=""),"",B18*C18) | G18: =IF(OR(B18="",D18=""),"",B18*D18) | H18: =IF(OR(B18="",E18=""),"",B18*E18) | I18: =IF(F18=0,"",H18/F18) -> #VALUE!
C19: =IFERROR(VLOOKUP(A19,Urunler!A$2:E$201,2,FALSE),"") -> 0 | D19: =IFERROR(VLOOKUP(A19,Urunler!A$2:E$201,3,FALSE),"") -> 0 | E19: =IFERROR(VLOOKUP(A19,Urunler!A$2:E$201,4,FALSE),"") | F19: =IF(OR(B19="",C19=""),"",B19*C19) | G19: =IF(OR(B19="",D19=""),"",B19*D19) | H19: =IF(OR(B19="",E19=""),"",B19*E19) | I19: =IF(F19=0,"",H19/F19) -> #VALUE!
C20: =IFERROR(VLOOKUP(A20,Urunler!A$2:E$201,2,FALSE),"") | D20: =IFERROR(VLOOKUP(A20,Urunler!A$2:E$201,3,FALSE),"") | E20: =IFERROR(VLOOKUP(A20,Urunler!A$2:E$201,4,FALSE),"") | F20: =IF(OR(B20="",C20=""),"",B20*C20) | G20: =IF(OR(B20="",D20=""),"",B20*D20) | H20: =IF(OR(B20="",E20=""),"",B20*E20) | I20: =IF(F20=0,"",H20/F20) -> #VALUE!
C21: =IFERROR(VLOOKUP(A21,Urunler!A$2:E$201,2,FALSE),"") -> 0 | D21: =IFERROR(VLOOKUP(A21,Urunler!A$2:E$201,3,FALSE),"") -> 0 | E21: =IFERROR(VLOOKUP(A21,Urunler!A$2:E$201,4,FALSE),"") | F21: =IF(OR(B21="",C21=""),"",B21*C21) | G21: =IF(OR(B21="",D21=""),"",B21*D21) | H21: =IF(OR(B21="",E21=""),"",B21*E21) | I21: =IF(F21=0,"",H21/F21) -> #VALUE!
C22: =IFERROR(VLOOKUP(A22,Urunler!A$2:E$201,2,FALSE),"") -> 0 | D22: =IFERROR(VLOOKUP(A22,Urunler!A$2:E$201,3,FALSE),"") -> 0 | E22: =IFERROR(VLOOKUP(A22,Urunler!A$2:E$201,4,FALSE),"") | F22: =IF(OR(B22="",C22=""),"",B22*C22) | G22: =IF(OR(B22="",D22=""),"",B22*D22) | H22: =IF(OR(B22="",E22=""),"",B22*E22) | I22: =IF(F22=0,"",H22/F22) -> #VALUE!
C23: =IFERROR(VLOOKUP(A23,Urunler!A$2:E$201,2,FALSE),"") -> 0 | D23: =IFERROR(VLOOKUP(A23,Urunler!A$2:E$201,3,FALSE),"") -> 0 | E23: =IFERROR(VLOOKUP(A23,Urunler!A$2:E$201,4,FALSE),"") | F23: =IF(OR(B23="",C23=""),"",B23*C23) | G23: =IF(OR(B23="",D23=""),"",B23*D23) | H23: =IF(OR(B23="",E23=""),"",B23*E23) | I23: =IF(F23=0,"",H23/F23) -> #VALUE!
C24: =IFERROR(VLOOKUP(A24,Urunler!A$2:E$201,2,FALSE),"") -> 0 | D24: =IFERROR(VLOOKUP(A24,Urunler!A$2:E$201,3,FALSE),"") -> 0 | E24: =IFERROR(VLOOKUP(A24,Urunler!A$2:E$201,4,FALSE),"") | F24: =IF(OR(B24="",C24=""),"",B24*C24) | G24: =IF(OR(B24="",D24=""),"",B24*D24) | H24: =IF(OR(B24="",E24=""),"",B24*E24) | I24: =IF(F24=0,"",H24/F24) -> #VALUE!
C25: =IFERROR(VLOOKUP(A25,Urunler!A$2:E$201,2,FALSE),"") -> 0 | D25: =IFERROR(VLOOKUP(A25,Urunler!A$2:E$201,3,FALSE),"") -> 0 | E25: =IFERROR(VLOOKUP(A25,Urunler!A$2:E$201,4,FALSE),"") | F25: =IF(OR(B25="",C25=""),"",B25*C25) | G25: =IF(OR(B25="",D25=""),"",B25*D25) | H25: =IF(OR(B25="",E25=""),"",B25*E25) | I25: =IF(F25=0,"",H25/F25) -> #VALUE!
C26: =IFERROR(VLOOKUP(A26,Urunler!A$2:E$201,2,FALSE),"") -> 0 | D26: =IFERROR(VLOOKUP(A26,Urunler!A$2:E$201,3,FALSE),"") -> 0 | E26: =IFERROR(VLOOKUP(A26,Urunler!A$2:E$201,4,FALSE),"") | F26: =IF(OR(B26="",C26=""),"",B26*C26) | G26: =IF(OR(B26="",D26=""),"",B26*D26) | H26: =IF(OR(B26="",E26=""),"",B26*E26) | I26: =IF(F26=0,"",H26/F26) -> #VALUE!
C27: =IFERROR(VLOOKUP(A27,Urunler!A$2:E$201,2,FALSE),"") -> 0 | D27: =IFERROR(VLOOKUP(A27,Urunler!A$2:E$201,3,FALSE),"") -> 0 | E27: =IFERROR(VLOOKUP(A27,Urunler!A$2:E$201,4,FALSE),"") | F27: =IF(OR(B27="",C27=""),"",B27*C27) | G27: =IF(OR(B27="",D27=""),"",B27*D27) | H27: =IF(OR(B27="",E27=""),"",B27*E27) | I27: =IF(F27=0,"",H27/F27) -> #VALUE!
... C205: =IFERROR(VLOOKUP(A205,Urunler!A$2:E$201,2,FALSE),"") -> 0 | D205: =IFERROR(VLOOKUP(A205,Urunler!A$2:E$201,3,FALSE),"") -> 0 | E205: =IFERROR(VLOOKUP(A205,Urunler!A$2:E$201,4,FALSE),"") | F205: =IF(OR(B205="",C205=""),"",B205*C205) | G205: =IF(OR(B205="",D205=""),"",B205*D205) | H205: =IF(OR(B205="",E205=""),"",B205*E205) | I205: =IF(F205=0,"",H205/F205) -> #VALUE!
